,Algorithm,MSE,RMSE,Novelty,Personalization,Intra-list Similarity,Prediction Coverage,Catalog Coverage
0,SVD 1000 LF,0.6001018226121637,0.7746623926667434,0.540157209735544,0.960599042766713,0.20461873638344227,3.22,1.72
1,SVD 200 LF,0.5819544352052698,0.7628593810167571,0.5098574832797123,0.956411919098348,0.20653594771241832,3.02,1.72
2,SVD 100 LF,0.5779338961782546,0.7602196368012698,0.4968422505339866,0.9545314188667594,0.2090631808278867,2.87,1.5
3,SVD 50 LF,0.5782963264855713,0.7604579715444971,0.49021048357216157,0.9514188667593022,0.21298474945533766,2.59,1.49
