,MSE,RMSE,Novelty,Personalization,Intra-list Similarity,Prediction Coverage,Catalog Coverage,Novelty Ratio,Personalization Ratio,Intra-list Similarity Ratio,Prediction Coverage Ratio,Catalog Coverage Ratio
0,0.8170434866777585,0.9039045783033508,1.5203571793110795,0.9840007193652447,0.20438782731776364,13.88,2.6,1.6819885813221835,1.0886112793147216,0.8801948698784315,15.355603161179992,2.876409814053889
