,Algorithm,MSE,RMSE,Novelty,Personalization,Intra-list Similarity,Prediction Coverage,Catalog Coverage
0,SVD 200 LF,0.5830971366815692,0.7636079731652683,0.5184220001631827,0.957146827234831,0.21429193899782134,2.99,1.56
1,SVD 100 LF,0.5794339972334795,0.7612056208630357,0.49354023927282675,0.9550316504554578,0.20941176470588233,2.74,1.59
2,SVD 50 LF,0.5761522198408842,0.7590469154412552,0.4989586474263922,0.9515300293345685,0.21324618736383444,2.69,1.48
